"id_municipio,""id_escola"",""id_aluno"",""caderno"",""serie"",""rede"",""presenca"",""preenchimento_caderno"",""alfabetizado"",""proficiencia"",""peso_aluno"",""desc_serie"",""desc_rede"",""desc_presenca"",""desc_preenchimento"",""desc_alfabetizado"",""data_processamento_silver"",""ano"""
"2103000,""60005380"",""21038244"",""10"",""2"",""3"",""1"",""1"",""1"",""789.17"",""1.0"",""2° ano do Ensino Fundamental"",""Municipal"",""Presente"",""Prova preenchida"",""Sim"",""2026-08-25 01:06:30.652"",""2024"""
"2601508,""60012175"",""26022689"",""10"",""2"",""3"",""1"",""1"",""1"",""774.51"",""1.0"",""2° ano do Ensino Fundamental"",""Municipal"",""Presente"",""Prova preenchida"",""Sim"",""2026-08-25 01:06:30.652"",""2024"""
"2904605,""60016489"",""29026189"",""10"",""2"",""3"",""1"",""1"",""1"",""763.37"",""1.0"",""2° ano do Ensino Fundamental"",""Municipal"",""Presente"",""Prova preenchida"",""Sim"",""2026-08-25 01:06:30.652"",""2024"""
"2906006,""60017364"",""29907246"",""10"",""2"",""3"",""1"",""1"",""1"",""764.32"",""1.0"",""2° ano do Ensino Fundamental"",""Municipal"",""Presente"",""Prova preenchida"",""Sim"",""2026-08-25 01:06:30.652"",""2024"""
"3102001,""60021932"",""31171123"",""10"",""2"",""3"",""1"",""1"",""1"",""794.61"",""1.0"",""2° ano do Ensino Fundamental"",""Municipal"",""Presente"",""Prova preenchida"",""Sim"",""2026-08-25 01:06:30.652"",""2024"""
"3518800,""60026007"",""35270972"",""10"",""2"",""2"",""1"",""1"",""0"",""698.0288912"",""1.0384615"",""2° ano do Ensino Fundamental"",""Estadual"",""Presente"",""Prova preenchida"",""Não"",""2026-08-25 01:06:30.652"",""2024"""
"3303906,""60023828"",""33067452"",""10"",""2"",""3"",""1"",""1"",""1"",""752.7"",""1.04"",""2° ano do Ensino Fundamental"",""Municipal"",""Presente"",""Prova preenchida"",""Sim"",""2026-08-25 01:06:30.652"",""2024"""
"4311403,""60037527"",""43045000"",""10"",""2"",""3"",""1"",""1"",""0"",""676.5705466"",""1.0434783"",""2° ano do Ensino Fundamental"",""Municipal"",""Presente"",""Prova preenchida"",""Não"",""2026-08-25 01:06:30.652"",""2024"""
"3516200,""60031232"",""35065616"",""10"",""2"",""3"",""1"",""1"",""1"",""785.1452865"",""1.0454545"",""2° ano do Ensino Fundamental"",""Municipal"",""Presente"",""Prova preenchida"",""Sim"",""2026-08-25 01:06:30.652"",""2024"""
"2313906,""60007481"",""23003899"",""10"",""2"",""3"",""1"",""1"",""1"",""800.28"",""1.05"",""2° ano do Ensino Fundamental"",""Municipal"",""Presente"",""Prova preenchida"",""Sim"",""2026-08-25 01:06:30.652"",""2024"""
"1600303,""60003749"",""16003116"",""10"",""2"",""3"",""1"",""1"",""0"",""686.38"",""1.07"",""2° ano do Ensino Fundamental"",""Municipal"",""Presente"",""Prova preenchida"",""Não"",""2026-08-25 01:06:30.652"",""2024"""
"2202802,""60007187"",""22027840"",""10"",""2"",""3"",""1"",""1"",""1"",""842.98"",""1.0"",""2° ano do Ensino Fundamental"",""Municipal"",""Presente"",""Prova preenchida"",""Sim"",""2026-08-25 01:06:30.652"",""2024"""
"2708709,""60013606"",""27029404"",""10"",""2"",""3"",""1"",""1"",""0"",""685.34"",""1.0"",""2° ano do Ensino Fundamental"",""Municipal"",""Presente"",""Prova preenchida"",""Não"",""2026-08-25 01:06:30.652"",""2024"""
"3511409,""60029224"",""35018359"",""10"",""2"",""3"",""1"",""1"",""0"",""708.8126665"",""1.0"",""2° ano do Ensino Fundamental"",""Municipal"",""Presente"",""Prova preenchida"",""Não"",""2026-08-25 01:06:30.652"",""2024"""
"3535606,""60030114"",""35224204"",""10"",""2"",""3"",""1"",""1"",""0"",""740.0300332"",""1.0"",""2° ano do Ensino Fundamental"",""Municipal"",""Presente"",""Prova preenchida"",""Não"",""2026-08-25 01:06:30.652"",""2024"""
"2612406,""60011779"",""26066526"",""10"",""2"",""3"",""1"",""1"",""1"",""763.11"",""1.09"",""2° ano do Ensino Fundamental"",""Municipal"",""Presente"",""Prova preenchida"",""Sim"",""2026-08-25 01:06:30.652"",""2024"""
"3303302,""60024255"",""33053779"",""10"",""2"",""3"",""1"",""1"",""1"",""763.23"",""1.1"",""2° ano do Ensino Fundamental"",""Municipal"",""Presente"",""Prova preenchida"",""Sim"",""2026-08-25 01:06:30.652"",""2024"""
"1302603,""60000929"",""13040770"",""10"",""2"",""2"",""1"",""1"",""1"",""770.96"",""1.1"",""2° ano do Ensino Fundamental"",""Estadual"",""Presente"",""Prova preenchida"",""Sim"",""2026-08-25 01:06:30.652"",""2024"""
"2500809,""60010703"",""25017824"",""10"",""2"",""3"",""1"",""1"",""0"",""672.46"",""1.13"",""2° ano do Ensino Fundamental"",""Municipal"",""Presente"",""Prova preenchida"",""Não"",""2026-08-25 01:06:30.652"",""2024"""
"1600303,""60003851"",""16005624"",""10"",""2"",""3"",""1"",""1"",""0"",""738.54"",""1.13"",""2° ano do Ensino Fundamental"",""Municipal"",""Presente"",""Prova preenchida"",""Não"",""2026-08-25 01:06:30.652"",""2024"""
"5105259,""60040686"",""51049047"",""10"",""2"",""3"",""1"",""1"",""1"",""753.37"",""1.15"",""2° ano do Ensino Fundamental"",""Municipal"",""Presente"",""Prova preenchida"",""Sim"",""2026-08-25 01:06:30.652"",""2024"""
"2800605,""60014488"",""28018089"",""10"",""2"",""3"",""1"",""1"",""0"",""649.35"",""1.16"",""2° ano do Ensino Fundamental"",""Municipal"",""Presente"",""Prova preenchida"",""Não"",""2026-08-25 01:06:30.652"",""2024"""
"3518701,""60029158"",""35165662"",""10"",""2"",""3"",""1"",""1"",""1"",""783.4471992"",""1.2"",""2° ano do Ensino Fundamental"",""Municipal"",""Presente"",""Prova preenchida"",""Sim"",""2026-08-25 01:06:30.652"",""2024"""
"4127700,""60032672"",""41078682"",""10"",""2"",""3"",""1"",""1"",""1"",""752.73"",""1.22"",""2° ano do Ensino Fundamental"",""Municipal"",""Presente"",""Prova preenchida"",""Sim"",""2026-08-25 01:06:30.652"",""2024"""
"4106902,""60033599"",""41088463"",""10"",""2"",""3"",""1"",""1"",""1"",""744.98"",""1.29"",""2° ano do Ensino Fundamental"",""Municipal"",""Presente"",""Prova preenchida"",""Sim"",""2026-08-25 01:06:30.652"",""2024"""
"1303403,""60001007"",""13019384"",""10"",""2"",""3"",""1"",""1"",""1"",""754.45"",""1.3"",""2° ano do Ensino Fundamental"",""Municipal"",""Presente"",""Prova preenchida"",""Sim"",""2026-08-25 01:06:30.652"",""2024"""
"3550308,""60031452"",""35376516"",""10"",""2"",""2"",""1"",""1"",""1"",""775.6235726"",""1.3333333"",""2° ano do Ensino Fundamental"",""Estadual"",""Presente"",""Prova preenchida"",""Sim"",""2026-08-25 01:06:30.652"",""2024"""
"4115002,""60031827"",""41120284"",""11"",""2"",""3"",""0"",""0"",""0"",,,""2° ano do Ensino Fundamental"",""Municipal"",""Ausente"",""Prova não preenchida"",""Não"",""2026-08-25 01:06:30.652"",""2024"""
"2929503,""60015712"",""29234919"",""11"",""2"",""3"",""0"",""0"",""0"",,,""2° ano do Ensino Fundamental"",""Municipal"",""Ausente"",""Prova não preenchida"",""Não"",""2026-08-25 01:06:30.652"",""2024"""
"4202008,""60035275"",""42003570"",""11"",""2"",""3"",""0"",""0"",""0"",,,""2° ano do Ensino Fundamental"",""Municipal"",""Ausente"",""Prova não preenchida"",""Não"",""2026-08-25 01:06:30.652"",""2024"""
"2920502,""60016353"",""29148533"",""11"",""2"",""3"",""0"",""0"",""0"",,,""2° ano do Ensino Fundamental"",""Municipal"",""Ausente"",""Prova não preenchida"",""Não"",""2026-08-25 01:06:30.652"",""2024"""
"1720200,""60003910"",""17015022"",""11"",""2"",""3"",""0"",""0"",""0"",,,""2° ano do Ensino Fundamental"",""Municipal"",""Ausente"",""Prova não preenchida"",""Não"",""2026-08-25 01:06:30.652"",""2024"""
"3518800,""60030715"",""35268356"",""11"",""2"",""3"",""0"",""0"",""0"",,,""2° ano do Ensino Fundamental"",""Municipal"",""Ausente"",""Prova não preenchida"",""Não"",""2026-08-25 01:06:30.652"",""2024"""
"4127601,""60033825"",""41047046"",""11"",""2"",""3"",""0"",""0"",""0"",,,""2° ano do Ensino Fundamental"",""Municipal"",""Ausente"",""Prova não preenchida"",""Não"",""2026-08-25 01:06:30.652"",""2024"""
"2504009,""60010751"",""25021946"",""11"",""2"",""3"",""0"",""0"",""0"",,,""2° ano do Ensino Fundamental"",""Municipal"",""Ausente"",""Prova não preenchida"",""Não"",""2026-08-25 01:06:30.652"",""2024"""
"3118601,""60020760"",""31186172"",""11"",""2"",""3"",""0"",""0"",""0"",,,""2° ano do Ensino Fundamental"",""Municipal"",""Ausente"",""Prova não preenchida"",""Não"",""2026-08-25 01:06:30.652"",""2024"""
"2800308,""60014326"",""28015298"",""11"",""2"",""3"",""1"",""0"",""0"",,,""2° ano do Ensino Fundamental"",""Municipal"",""Presente"",""Prova não preenchida"",""Não"",""2026-08-25 01:06:30.652"",""2024"""
"2928406,""60017647"",""29225236"",""11"",""2"",""3"",""1"",""1"",""1"",""777.36"",""1.0"",""2° ano do Ensino Fundamental"",""Municipal"",""Presente"",""Prova preenchida"",""Sim"",""2026-08-25 01:06:30.652"",""2024"""
"2608107,""60012762"",""26075492"",""11"",""2"",""3"",""1"",""1"",""1"",""769.88"",""1.0"",""2° ano do Ensino Fundamental"",""Municipal"",""Presente"",""Prova preenchida"",""Sim"",""2026-08-25 01:06:30.652"",""2024"""
"2910800,""60017760"",""29079143"",""11"",""2"",""3"",""1"",""1"",""0"",""678.41"",""1.0"",""2° ano do Ensino Fundamental"",""Municipal"",""Presente"",""Prova preenchida"",""Não"",""2026-08-25 01:06:30.652"",""2024"""
"2909307,""60017409"",""29059426"",""11"",""2"",""3"",""1"",""1"",""0"",""664.43"",""1.0"",""2° ano do Ensino Fundamental"",""Municipal"",""Presente"",""Prova preenchida"",""Não"",""2026-08-25 01:06:30.652"",""2024"""
"2806008,""60014101"",""28003732"",""11"",""2"",""3"",""1"",""1"",""0"",""729.67"",""1.0"",""2° ano do Ensino Fundamental"",""Municipal"",""Presente"",""Prova preenchida"",""Não"",""2026-08-25 01:06:30.652"",""2024"""
"2307650,""60008158"",""23033117"",""11"",""2"",""3"",""1"",""1"",""1"",""810.02"",""1.0"",""2° ano do Ensino Fundamental"",""Municipal"",""Presente"",""Prova preenchida"",""Sim"",""2026-08-25 01:06:30.652"",""2024"""
"2910800,""60017458"",""29078576"",""11"",""2"",""3"",""1"",""1"",""1"",""771.54"",""1.0"",""2° ano do Ensino Fundamental"",""Municipal"",""Presente"",""Prova preenchida"",""Sim"",""2026-08-25 01:06:30.652"",""2024"""
"3132503,""60021571"",""31044347"",""11"",""2"",""3"",""1"",""1"",""0"",""727.07"",""1.0"",""2° ano do Ensino Fundamental"",""Municipal"",""Presente"",""Prova preenchida"",""Não"",""2026-08-25 01:06:30.652"",""2024"""
"2303501,""60007948"",""23008770"",""11"",""2"",""3"",""1"",""1"",""1"",""763.23"",""1.0"",""2° ano do Ensino Fundamental"",""Municipal"",""Presente"",""Prova preenchida"",""Sim"",""2026-08-25 01:06:30.652"",""2024"""
"3550308,""60025940"",""35353339"",""11"",""2"",""2"",""1"",""1"",""1"",""771.2092865"",""1.0333333"",""2° ano do Ensino Fundamental"",""Estadual"",""Presente"",""Prova preenchida"",""Sim"",""2026-08-25 01:06:30.652"",""2024"""
"3550308,""60025750"",""35396511"",""11"",""2"",""2"",""1"",""1"",""1"",""799.0009206"",""1.0344828"",""2° ano do Ensino Fundamental"",""Estadual"",""Presente"",""Prova preenchida"",""Sim"",""2026-08-25 01:06:30.652"",""2024"""
"5201108,""60040994"",""52011214"",""11"",""2"",""3"",""1"",""1"",""1"",""817.32"",""1.04"",""2° ano do Ensino Fundamental"",""Municipal"",""Presente"",""Prova preenchida"",""Sim"",""2026-08-25 01:06:30.652"",""2024"""
